{
  "doctors": [
    {
      "firstname": "Johnas",
      "lastname": "Johnasa",
      "specialization": "Orthopedics",
      "location": "Hyderabad",
      "sex": "Male",
      "contact": "9877867666",
      "id": 1
    },
    {
      "firstname": "Linda",
      "lastname": "Linda",
      "specialization": "Dermatology",
      "location": "Bangalore",
      "sex": "Female",
      "contact": "9877655444",
      "id": 2
    },
    {
      "firstname": "David",
      "lastname": "David",
      "specialization": "Pathology",
      "location": "Hyderabad",
      "sex": "Male",
      "contact": "9765454434",
      "id": 3
    },
    {
      "firstname": "William",
      "lastname": "William",
      "specialization": "Radiology",
      "location": "Bangalore",
      "sex": "Male",
      "contact": "9778765544",
      "id": 4
    },
    {
      "firstname": "Elizabeth",
      "lastname": "Elizabeth",
      "specialization": "Ophthalmology",
      "location": "Hyderabad",
      "sex": "Female",
      "contact": "9665543456",
      "id": 5
    },
    {
      "firstname": "james",
      "lastname": "Jimmy",
      "specialization": "Heart Surgeon",
      "location": "Hyderabad",
      "sex": "Male",
      "contact": "9877654655",
      "id": 6
    }
  ],
  "patients": [
    {
      "firstname": "Liam",
      "lastname": "Liam",
      "email": "Liam@gmail.com",
      "problem": "p-1",
      "address": "Bangalore",
      "age": "34",
      "sex": "Male",
      "contact": "998877656",
      "emergency_contact": "6787676556",
      "doctor_name": "Linda",
      "timeslot": "2022-06-15T23:59:44.000Z",
      "id": 1
    },
    {
      "firstname": "Olivia",
      "lastname": "Olivia",
      "email": "Olivia@gmail.com",
      "problem": "p-1",
      "address": "Hyderabad",
      "age": "29",
      "sex": "Female",
      "contact": "9878787655",
      "emergency_contact": "9876543235",
      "doctor_name": "David",
      "timeslot": "2022-05-31T15:00:04.000Z",
      "id": 2
    },
    {
      "firstname": "James",
      "lastname": "James",
      "email": "abc@gmail.com",
      "problem": "p-1",
      "address": "Bangalore",
      "age": "54",
      "sex": "Male",
      "contact": "87976545433",
      "emergency_contact": "8876876654",
      "doctor_name": "Elizabeth",
      "timeslot": "2022-06-01T11:59:16.000Z",
      "id": 3
    },
    {
      "firstname": "William",
      "lastname": "William",
      "email": "William@gmail.com",
      "problem": "p-1",
      "address": "Hyderabad",
      "age": "27",
      "sex": "Male",
      "contact": "987654537",
      "emergency_contact": "9878654455",
      "doctor_name": "David",
      "timeslot": "2022-05-31T18:12:32.000Z",
      "id": 4
    },
    {
      "firstname": "Sophia",
      "lastname": "Sophia",
      "email": "Sophia@gmail.com",
      "problem": "p-1",
      "address": "Hyderabad",
      "age": "37",
      "sex": "Female",
      "contact": "998765432",
      "emergency_contact": "9886544567",
      "doctor_name": "William",
      "timeslot": "2022-05-31T13:01:23.000Z",
      "id": 5
    },
    {
      "firstname": "Rams",
      "lastname": "John",
      "email": "rams@gmail.com",
      "problem": "hole in Heart",
      "address": "Hyderabad",
      "age": "54",
      "sex": "Male",
      "contact": "9876543444",
      "emergency_contact": "876543455",
      "doctor_name": "james",
      "timeslot": "2022-06-04T09:00:30.000Z",
      "id": 6
    }
  ]
}